Intensity_CD34 vs. Intensity_CD34,Intensity_CD34 vs. Intensity_CD3,Intensity_CD34 vs. Intensity_CD20,Intensity_CD34 vs. Intensity_MPO,Intensity_CD34 vs. Intensity_CD68,Intensity_CD34 vs. Intensity_Erythroids,Intensity_CD34 vs. Intensity_CD31,Intensity_CD34 vs. Intensity_Adipocytes,Intensity_CD34 vs. Intensity_NGFR,Intensity_CD34 vs. Intensity_CD163,Intensity_CD34 vs. Intensity_Ki67,Intensity_CD3 vs. Intensity_CD3,Intensity_CD3 vs. Intensity_CD20,Intensity_CD3 vs. Intensity_MPO,Intensity_CD3 vs. Intensity_CD68,Intensity_CD3 vs. Intensity_Erythroids,Intensity_CD3 vs. Intensity_CD31,Intensity_CD3 vs. Intensity_Adipocytes,Intensity_CD3 vs. Intensity_NGFR,Intensity_CD3 vs. Intensity_CD163,Intensity_CD3 vs. Intensity_Ki67,Intensity_CD20 vs. Intensity_CD20,Intensity_CD20 vs. Intensity_MPO,Intensity_CD20 vs. Intensity_CD68,Intensity_CD20 vs. Intensity_Erythroids,Intensity_CD20 vs. Intensity_CD31,Intensity_CD20 vs. Intensity_Adipocytes,Intensity_CD20 vs. Intensity_NGFR,Intensity_CD20 vs. Intensity_CD163,Intensity_CD20 vs. Intensity_Ki67,Intensity_MPO vs. Intensity_MPO,Intensity_MPO vs. Intensity_CD68,Intensity_MPO vs. Intensity_Erythroids,Intensity_MPO vs. Intensity_CD31,Intensity_MPO vs. Intensity_Adipocytes,Intensity_MPO vs. Intensity_NGFR,Intensity_MPO vs. Intensity_CD163,Intensity_MPO vs. Intensity_Ki67,Intensity_CD68 vs. Intensity_CD68,Intensity_CD68 vs. Intensity_Erythroids,Intensity_CD68 vs. Intensity_CD31,Intensity_CD68 vs. Intensity_Adipocytes,Intensity_CD68 vs. Intensity_NGFR,Intensity_CD68 vs. Intensity_CD163,Intensity_CD68 vs. Intensity_Ki67,Intensity_Erythroids vs. Intensity_Erythroids,Intensity_Erythroids vs. Intensity_CD31,Intensity_Erythroids vs. Intensity_Adipocytes,Intensity_Erythroids vs. Intensity_NGFR,Intensity_Erythroids vs. Intensity_CD163,Intensity_Erythroids vs. Intensity_Ki67,Intensity_CD31 vs. Intensity_CD31,Intensity_CD31 vs. Intensity_Adipocytes,Intensity_CD31 vs. Intensity_NGFR,Intensity_CD31 vs. Intensity_CD163,Intensity_CD31 vs. Intensity_Ki67,Intensity_Adipocytes vs. Intensity_Adipocytes,Intensity_Adipocytes vs. Intensity_NGFR,Intensity_Adipocytes vs. Intensity_CD163,Intensity_Adipocytes vs. Intensity_Ki67,Intensity_NGFR vs. Intensity_NGFR,Intensity_NGFR vs. Intensity_CD163,Intensity_NGFR vs. Intensity_Ki67,Intensity_CD163 vs. Intensity_CD163,Intensity_CD163 vs. Intensity_Ki67,Intensity_Ki67 vs. Intensity_Ki67,OST,Age,Age_group=middle,Age_group=old,survival_status
-49.57370797472453,-290.07593740299524,-84.83869000044496,-65.52017955990927,-53.836286304511425,-29.36864416755971,-91.12079832558521,32.913153494544474,-71.18421399934432,-46.71363245921566,-42.289664643641395,-291.91806931491675,5.3301332772666585,-71.28224595479108,8.374614054231477,-86.49835162710265,51.07039534622866,-19.25539521268927,60.80083778193162,6.893628130089643,61.07304538069306,34.8362552360992,-46.319973414422044,-29.778066404091494,-67.56656351726389,-10.393193636076573,65.10769025987365,-11.950816558039714,-10.0539195174323,-35.66693469347218,81.0045658986184,21.757435122424468,98.6106991725347,-0.23616218439185607,32.2010066316567,-1.4634766478830166,-4.245287872073265,1.3125410848976646,4.3389054745026945,15.078195969797925,2.1585319881590057,62.810434424867196,-6.789334678225785,6.45361290391439,-0.540983060302052,204.7660187861613,2.744505734973906,-4.682893194080942,-24.36738302437878,-29.894517400215886,39.66494149435345,34.560034172077714,62.93748299516301,13.606348933650523,6.615457611380215,-13.402490326563097,-114.9155707494519,57.953344792607794,73.28425570836364,67.41247356508968,10.292218800824363,-0.5801430684630802,-14.422469246323367,19.151439673287836,-21.26948945303838,36.849063076061704,232.0,67.0,1.0,0.0,True
-202.8207356788724,43.839815140580065,-76.93227536921466,-55.11224247002347,-80.6446791006602,-96.9559254581502,20.110481356411764,-190.22811687255083,-38.44511625689368,-45.26225953999242,-25.708005856493624,48.0957268778206,-43.218396231433395,10.212622210195299,-17.11662325034785,-29.35635924684817,21.826997997060094,-6.413939874273903,8.519256402732545,-2.2265388610787524,9.769916916212537,-108.81289322999676,-15.17673339946778,-46.689904244796786,-79.90108379912449,6.123574110866954,-91.54058235047404,-7.016988716988433,-9.883993829555575,12.118554022529286,57.63640056597774,14.187901316452942,28.512288428640293,3.1892442293628456,69.81969943885672,26.50012963621195,18.63127688613437,37.34764146788242,-16.198129081784657,-2.3331364914872927,-23.669867912884047,65.88528161090441,-7.822049016744013,-11.316412246663225,5.966656169502552,102.49722151529686,-26.48877398702312,90.78474716145377,20.291328451092774,-6.090755719739788,38.45963602724185,1.0981278064717683,49.22010169719147,-11.692037293158627,-18.062902069435342,-8.538044377717737,-165.38079855070728,71.06749417334431,83.28862676612023,94.30104449284879,16.808779929866,1.3019104276670639,19.562293033000085,-2.689718429938402,14.407178826495809,40.3820820617372,7.0,53.0,1.0,0.0,True
-55.00095560407877,-37.039516474357875,-64.75919631039501,-44.0358132566244,-36.71530437518635,-11.755934634669828,-25.38540524239072,55.074282138466195,-48.589004755145304,-40.04392939442416,-40.23124229779392,126.89601163763727,-70.40881592853962,-20.7970884565556,23.23043300615501,-13.913479043985218,114.97547205104615,-20.61379548660153,15.193674393252758,26.99627076457033,16.45590322041224,-14.564685607767453,-35.59217983712662,-57.63455780072198,-60.704638473226204,-56.28983398538332,-42.16872711180368,-52.0024127218706,-64.43668042299527,-42.312744123709656,53.604014504682944,-12.32447035688386,-6.5197438453588,-0.5638800654168037,63.0766358051417,2.074658766726356,3.191529400537288,10.257168189969105,23.06814950671782,44.896548951817884,35.5174632897665,50.33029292100543,6.809241258397765,5.3000507725932495,3.0697850072240693,214.70355249416738,93.69067293831993,42.907777069922425,34.35912028993437,8.071945908363167,15.001757364541783,136.2366462086326,43.01404303888083,20.992060876845073,28.861556831088024,25.510366633472316,-171.0,48.366965304116604,58.7434855086772,45.60390725770648,-1.093305688026101,-2.47639245294304,2.235107553579668,9.377263799398015,-8.602457631380128,12.403069160996997,1309.0,28.0,0.0,0.0,False
20.181249370018083,-83.20013389745729,-48.267558644604314,-2.8902396695348336,-34.91072320281649,-36.22515139416289,58.568111773533126,0.0,-59.14440466559997,-31.265678026427878,-43.21990725180663,-75.14073823626292,29.843871991287227,-7.095119028742412,-23.293643161092394,-58.36104519159369,104.86623038290305,0.0,115.89212534430082,30.782479413596036,16.225510459926216,48.60585304214686,10.486805699417712,-9.560640093966649,-24.70186000704901,84.20295292360736,0.0,16.718778156296096,-0.902843598667225,-15.630588371453783,98.0826597063115,51.684033457584725,30.595736500521298,34.889355937297815,0.0,23.611011958003086,39.621143737063896,30.999644694697892,7.0529322809066874,-7.5273786778758165,15.735553871152101,0.0,-10.868193880820437,3.763067689832258,-4.064034591766511,3.9242002033829007,34.09171214066418,0.0,-34.86066535415625,-6.691668576374692,-24.986022071531668,161.3686332496319,0.0,42.78278463947864,43.52239455305887,17.532607179628865,0.0,0.0,0.0,0.0,63.14852399033125,17.32771901000898,7.527964701266939,4.237451782049616,-0.5329165756359799,-8.277108202198853,113.0,73.0,0.0,1.0,True
155.1772562891574,-90.35788027409744,147.14795898444382,0.9540327788466717,-18.738315925267692,-71.93434215376386,-22.948656670380057,0.0,-32.203571069463955,-29.271758874610427,-50.92317583371156,-219.7111079051715,-138.2009041034792,-154.630578241713,11.571090656331359,-207.17791188883714,26.60025714978867,0.0,-1.4085399667726286,31.94211236654482,40.4094455074516,19.461769287210448,131.40824127790526,-16.843280143494667,-46.25546153396013,-18.23928376472524,0.0,-12.89229842248161,-19.879182310250943,-35.411214993399305,64.42657090852045,-38.127773739583525,-107.86560827362867,-53.75483894446433,0.0,-55.91356903647346,-38.8463703111301,-60.82017920888875,9.33039870287161,-9.314815301428004,15.327421242278527,0.0,-0.14607547253906006,20.646496626971803,9.447476788290423,-154.3281957114717,-23.17686387225058,0.0,-4.637972651124296,-35.703942501951495,-49.36751119255922,17.356852969542334,0.0,-1.5175620439235133,23.043757997537124,12.207696488340007,0.0,0.0,0.0,0.0,-9.797953212473823,4.219721565036955,-3.8689817761365717,34.609092371597306,22.67285498990387,19.631854396378795,290.0,76.0,0.0,1.0,True
-104.3406298653775,13.278838622648925,-58.446062316849,-156.19906539418074,-58.702475919836765,-134.13591431976405,-87.39645757037245,0.0,-25.313384729456136,14.096141234415375,-121.2808975212118,245.44759367832512,143.7181603951282,-70.57435400429392,-49.69112503786658,-32.269761934116275,6.081345977706314,0.0,75.53201907845947,84.23727517852484,32.6655880480402,175.06656403063278,-134.50036746111485,-67.63539324572457,11.02959163954094,-129.05526167145808,0.0,89.08321491577532,31.285442057065456,17.335164933976003,316.7393752304734,66.12746160938799,-49.176088959006485,20.720929642656195,0.0,-4.912516229890583,33.577987278696064,16.702781066272806,5.099641640528283,-61.55278895749731,-11.895617821018062,0.0,-15.572775463136416,22.816951100830725,-9.921907793657361,115.912290614048,-27.313462840882284,0.0,22.2404194464231,21.698038933286643,15.083159521437763,23.253998889700142,0.0,-13.199218870071531,20.082376320690035,-4.4059378348017235,0.0,0.0,0.0,0.0,25.97657755132077,50.846746943253315,12.34869105634069,65.89045698269693,27.754015836702028,23.025781079496387,322.0,69.0,1.0,0.0,True
-193.51714335901195,-259.4018340314494,-258.6605785830823,-270.9253269416115,-232.5348166501582,-184.5759834789723,-83.6556702769174,-246.22615460868937,-123.04732412269222,-160.08739195553105,-240.49416271140277,22.37981576439596,-186.07568516335547,-17.057154475779594,33.59599353612791,43.40230463540567,74.99049033800408,68.01636355403522,19.969535929082102,-40.62989725304909,57.81230347681562,-74.38959452558628,-5.272646651923696,-20.185962018180124,-78.39507512007303,-22.144097088889918,-108.76479648368219,-1.794334684347935,-26.21740761648603,-12.846444592253343,51.87829846062716,50.58233726582995,18.285273632108197,15.676890868866472,100.95948986666365,15.393880025281158,-7.369190347549025,51.97831255593243,36.83501961424209,2.6308757440568598,32.387197950526065,140.09909354671802,13.676053476835996,-18.00912051329384,35.742792813259165,48.07818282314858,35.686500236852005,144.9816265571354,-3.3004244147308412,-37.29956245116787,36.28816609163269,55.4226617418034,132.27375407313176,32.81690109481804,-31.70533867475224,31.496590430372397,-273.3033873170505,111.44377153180231,117.6709747741085,137.67179246571393,66.53217744951824,-38.31155679033521,46.712880510088034,-33.00491993597283,-36.42454354718833,55.25405165733667,1777.0,52.0,1.0,0.0,False
-156.73626947887394,-123.75775727802431,-123.9027853239888,-184.57768512214307,-3.769239287964871,-3.882994439609869,-19.421411416205537,-39.57016953893408,-26.650613367907656,-8.971158456820893,-6.106304976617229,-20.32696921330257,-12.553488078606776,-68.82207031793183,-1.7358044404188921,-18.56150309807146,-4.76076676176601,63.84580882632389,-20.885904933602898,-13.19604964161384,-21.217604808370066,-17.515962193929912,-64.99731108856479,6.623472234465701,-7.450254742337331,-10.461277247171184,-64.7900805482118,-10.684849834781728,4.666562029476352,-3.7806241626268844,5.828264318529489,-23.485577412613257,-43.110921239892754,-23.45961807136438,104.07137181014487,-29.544958440462793,-25.421319520166122,-37.433398852850615,17.07076412238823,-0.5252266427435662,12.579087715413719,106.04443471297422,0.21100597207952157,10.88899761386786,0.3212253588258284,16.37421122639393,-2.028956264630938,86.11938824782739,-8.852159098086188,-0.8009596615918699,-0.03804409585521581,6.313444131644005,103.56015846192308,-5.468880005564128,5.4920790534702,-8.08188573931181,-149.88256380371828,123.04971422197427,114.91929720896617,112.31937232680424,-14.001001619452571,-2.1201925690047796,-9.327135146845615,5.056639477669915,-4.042293912045536,3.9132302032313944,394.0,42.0,0.0,0.0,True
-119.08567004417752,89.39427619634881,40.76081764644929,-72.89045693690512,-64.9416570287148,-57.42546128691156,18.987122764895005,-45.379402165472214,-22.884400245040258,-15.193775589043952,-61.323501634562824,304.7670645744841,223.92820070067796,-156.8085562020453,-56.747839950230514,27.038998841861304,10.61210423851559,53.82304065079932,-0.15553233134107933,11.499641390938526,-47.639527166080285,299.1219394209243,-129.73759855700038,-38.212016605182875,-12.624747756338854,11.79006585969286,-43.20137676085515,10.184701502732779,19.06686741483163,-3.4479157698946867,165.33496294028876,37.26887778262526,-64.3252537267927,-17.555824333952298,129.3486044570192,26.19771885726368,20.280360712950575,28.681547083846795,0.983885264289364,-51.54774612790957,2.3888709713980836,158.68114975326833,5.842552867828281,2.506215614206022,-4.529408040915672,29.551162059467345,-16.749632150765795,122.17220253542614,-6.4145598971734,-10.140780201671248,1.1084077134883354,64.12058608237342,169.46142183895742,22.47586691664024,10.339145670227273,-25.036059745979816,-266.2364993563337,141.2140954126307,136.9365181265711,123.86720811011526,15.022623864881416,11.731553779843765,-10.397624131202056,6.220965658222727,-7.544627137368058,31.416753286870016,341.0,75.0,0.0,1.0,True
